City_ID,City,Country,Lat,Lng,Max Temp,Humidity,Cloudiness,Wind Speed,Weather Description
0,Punta Arenas,CL,-53.15,-70.9167,46.51,76,0,6.91,clear sky
1,Busselton,AU,-33.65,115.3333,59.49,61,80,17.34,broken clouds
2,Ushuaia,AR,-54.8,-68.3,49.66,53,20,12.66,few clouds
3,Qaanaaq,GL,77.484,-69.3632,-9.99,82,95,5.68,overcast clouds
4,Beira,MZ,-19.8436,34.8389,87.89,66,20,2.3,few clouds
5,Hwange,ZW,-18.3693,26.5019,93.45,24,9,4.81,clear sky
6,Tournon-Sur-Rhone,FR,45.0667,4.8333,56.86,76,100,12.66,overcast clouds
7,Marzuq,YE,14.4,46.4667,81.01,21,7,7.23,clear sky
8,Bredasdorp,ZA,-34.5322,20.0403,67.77,46,100,8.77,overcast clouds
9,Voyvozh,RU,62.892,54.9635,0.27,92,14,3.78,few clouds
10,Kalmunai,LK,7.4167,81.8167,80.29,69,100,15.7,overcast clouds
11,Balkanabat,TM,39.5108,54.3671,67.44,28,39,7.67,scattered clouds
12,Tiznit,MA,29.5833,-9.5,66.04,32,50,2.42,scattered clouds
13,Saint-Ambroise,CA,48.5501,-71.3324,25.57,93,100,3.44,light snow
14,Gonbad-E Qabus,IR,37.25,55.1672,62.51,67,75,6.91,broken clouds
15,Kruisfontein,ZA,-34.0033,24.7314,69.6,50,94,12.57,overcast clouds
16,Arzgir,RU,45.3728,44.2206,52.57,69,100,6.02,overcast clouds
17,Tasiilaq,GL,65.6145,-37.6368,37.56,83,100,23.22,overcast clouds
18,Bandarbeyla,SO,9.4942,50.8122,82.62,60,11,18.19,few clouds
19,Osakarovka,KZ,50.565,72.5692,17.89,93,100,10.36,overcast clouds
20,Sal Rei,CV,16.1833,-22.9167,73.6,94,40,3.44,scattered clouds
21,Nanortalik,GL,60.1432,-45.2371,19.4,77,42,17.85,scattered clouds
22,Cape Town,ZA,-33.9258,18.4232,72.12,55,20,18.41,few clouds
23,Hithadhoo,MV,-0.6,73.0833,81.72,73,69,12.64,broken clouds
24,Havre-Saint-Pierre,CA,50.2334,-63.5986,26.6,93,100,16.11,light snow
25,Saint-Philippe,RE,-21.3585,55.7679,78.39,72,36,9.1,scattered clouds
26,Pangody,RU,65.85,74.4859,3.74,88,100,15.05,overcast clouds
27,Jamestown,US,42.097,-79.2353,31.71,80,100,16.11,snow
28,Saldanha,ZA,-33.0117,17.9442,71.65,63,92,17.38,overcast clouds
29,Barra Do Garcas,BR,-15.89,-52.2567,70.09,54,0,1.21,clear sky
30,Hermanus,ZA,-34.4187,19.2345,68.81,58,99,11.7,overcast clouds
31,Taoudenni,ML,22.6783,-3.9836,76.82,15,0,7.0,clear sky
32,Faya,SA,18.3851,42.4509,73.51,29,0,4.59,clear sky
33,Victoria,HK,22.2855,114.1577,84.18,73,5,5.01,clear sky
34,Maraba,BR,-5.3686,-49.1178,77.18,94,0,2.3,clear sky
35,Constantine,DZ,36.365,6.6147,60.21,67,75,9.22,broken clouds
36,Dikson,RU,73.5069,80.5464,0.64,94,100,29.21,light snow
37,Kletskaya,RU,49.3145,43.0584,38.35,91,100,5.7,moderate rain
38,Kostomuksha,RU,64.571,30.5767,29.66,93,92,2.71,overcast clouds
39,Yarada,IN,17.65,83.2667,88.12,35,15,11.5,haze
40,Arraial Do Cabo,BR,-22.9661,-42.0278,71.56,73,40,8.05,scattered clouds
41,Mendi,PG,-6.1761,143.6513,58.6,99,100,0.22,light rain
42,Nouadhibou,MR,20.931,-17.0347,73.38,46,5,14.97,clear sky
43,Florianopolis,BR,-27.6146,-48.5012,64.4,84,0,5.75,clear sky
44,Hofn,IS,64.2539,-15.2082,48.22,87,100,28.77,overcast clouds
45,Iguape,BR,-24.7081,-47.5553,65.32,86,8,2.42,clear sky
46,Cidreira,BR,-30.1811,-50.2056,64.02,63,0,3.49,clear sky
47,Toamasina,MG,-18.1667,49.3833,84.2,70,40,12.66,scattered clouds
48,Aquiraz,BR,-3.9014,-38.3911,80.69,68,100,11.74,overcast clouds
49,Acarau,BR,-2.8856,-40.12,78.46,75,65,13.02,broken clouds
50,Clyde River,CA,70.4692,-68.5914,-0.17,85,100,16.11,light snow
51,Kiomboi,TZ,-4.2667,34.3667,69.08,65,100,3.09,overcast clouds
52,Camacha,PT,33.0833,-16.3333,63.82,94,40,5.75,scattered clouds
53,Bani,DO,18.2833,-70.3333,75.85,79,65,10.18,broken clouds
54,Makat,KZ,47.6469,53.3463,36.59,54,100,16.22,light rain
55,Namibe,AO,-15.1961,12.1522,72.23,78,75,5.75,broken clouds
56,Ambilobe,MG,-13.2,49.05,91.45,42,70,2.98,broken clouds
57,Ponta Delgada,PT,37.7333,-25.6667,61.52,67,75,8.05,broken clouds
58,Georgetown,MY,5.4112,100.3354,87.73,80,20,10.36,few clouds
59,Port Alfred,ZA,-33.5906,26.891,67.17,78,100,5.01,overcast clouds
60,Malangali,TZ,-8.5667,34.85,83.52,34,94,7.63,overcast clouds
61,East London,ZA,-33.0153,27.9116,72.54,73,40,11.5,scattered clouds
62,Mega,ET,4.05,38.3,75.87,31,0,16.91,clear sky
63,Lasa,IT,46.6166,10.7002,40.08,66,36,2.62,scattered clouds
64,Qaqortoq,GL,60.7167,-46.0333,3.78,90,9,5.99,clear sky
65,Tshela,CD,-4.9833,12.9333,75.78,90,99,1.77,light rain
66,Aksarka,RU,66.5606,67.7975,7.83,82,100,15.79,overcast clouds
67,Souillac,MU,-20.5167,57.5167,79.18,47,40,8.05,scattered clouds
68,Saint-Francois,FR,46.4154,3.9054,54.84,67,0,5.75,light rain
69,Sarny,UA,51.338,26.6019,31.21,75,98,11.5,overcast clouds
70,Chuy,UY,-33.6971,-53.4616,59.16,75,21,5.23,few clouds
71,Porto Belo,BR,-27.1578,-48.5531,62.17,79,1,5.77,clear sky
72,Kandiaro,PK,27.0601,68.2091,86.67,26,0,2.15,clear sky
73,Ribeira Grande,PT,38.5167,-28.7,61.2,72,40,10.36,scattered clouds
74,Itarema,BR,-2.9248,-39.9167,79.16,71,80,13.13,broken clouds
75,Cherdyn,RU,60.403,56.4787,10.9,80,6,2.37,clear sky
76,Lagoa,PT,39.05,-27.9833,59.27,65,100,20.6,overcast clouds
77,Guiratinga,BR,-16.3494,-53.7583,68.05,39,7,3.4,clear sky
78,Khiv,RU,41.7543,47.9306,53.92,43,83,4.25,broken clouds
79,Mahebourg,MU,-20.4081,57.7,79.09,47,40,8.05,scattered clouds
80,Bengkulu,ID,-3.8004,102.2655,80.22,80,99,11.61,overcast clouds
81,Gamboula,CF,4.1178,15.1393,83.21,52,66,2.57,broken clouds
82,Cuamba,MZ,-14.8031,36.5372,96.24,29,8,1.77,clear sky
83,Coquimbo,CL,-29.9533,-71.3436,58.73,88,100,3.44,overcast clouds
84,Xuddur,SO,4.1213,43.8894,88.54,39,2,12.12,clear sky
85,De Aar,ZA,-30.6497,24.0123,78.96,14,33,16.51,scattered clouds
86,Lar,IN,26.2039,83.9717,83.21,28,0,11.34,clear sky
87,Richards Bay,ZA,-28.783,32.0377,76.06,76,100,5.79,overcast clouds
88,Marsa Matruh,EG,31.3525,27.2453,70.39,47,0,8.37,clear sky
89,Bambous Virieux,MU,-20.3428,57.7575,79.05,47,40,8.05,scattered clouds
90,Vardo,NO,70.3705,31.1107,40.98,81,100,9.22,overcast clouds
91,Mizdah,LY,31.4451,12.9801,67.96,32,100,18.07,overcast clouds
92,Port Elizabeth,ZA,-33.918,25.5701,71.89,58,20,17.27,few clouds
93,Alta Floresta,BR,-9.8756,-56.0861,69.39,95,91,1.79,overcast clouds
94,Porto Walter,BR,-8.2686,-72.7439,69.91,99,100,0.96,overcast clouds
95,Santa Marta,CO,11.2408,-74.199,81.9,80,100,4.0,overcast clouds
96,San Antero,CO,9.3741,-75.7589,76.93,91,100,6.29,overcast clouds
97,Cayenne,GF,4.9333,-52.3333,73.44,94,0,0.0,clear sky
98,Poli,TZ,-3.3333,36.8,68.59,69,99,3.11,light rain
99,Floro,NO,61.5996,5.0328,48.96,53,0,8.05,clear sky
100,Ilulissat,GL,69.2167,-51.1,19.42,93,100,0.0,light snow
101,Maceio,BR,-9.6658,-35.7353,74.64,94,40,4.61,scattered clouds
102,Ouricuri,BR,-7.8825,-40.0817,76.96,62,24,5.48,few clouds
103,Soyo,AO,-6.1349,12.3689,77.76,75,99,7.02,overcast clouds
104,Gravdal,NO,68.1214,13.5031,42.51,56,13,8.95,few clouds
105,Longyearbyen,SJ,78.2186,15.6401,21.04,73,20,6.91,few clouds
106,Molina,CL,-35.1167,-71.2833,58.73,77,87,3.44,overcast clouds
107,Muzhi,RU,65.3667,64.6667,2.95,82,86,7.23,overcast clouds
108,North Adams,US,42.7009,-73.1087,37.06,77,100,16.11,light snow
109,Luderitz,NA,-26.6481,15.1594,73.54,50,5,17.58,clear sky
110,Sao Filipe,CV,14.8961,-24.4956,78.4,64,21,3.09,few clouds
111,Tabriz,IR,38.08,46.2919,51.26,58,75,9.22,broken clouds
112,Kampene,CD,-3.6,26.6667,83.03,61,52,2.46,light rain
113,Dingle,PH,10.9995,122.6711,77.23,91,100,11.3,light rain
114,Shiloh,US,38.5614,-89.8973,29.75,70,100,9.22,overcast clouds
115,Bereda,ES,43.2686,-7.5406,53.42,100,100,9.93,overcast clouds
116,Brighton,GB,50.8284,-0.1395,50.76,89,40,15.01,scattered clouds
117,Leh,IN,34.1667,77.5833,25.48,55,62,1.25,broken clouds
118,Straumen,NO,63.8709,11.2999,26.6,59,2,4.76,clear sky
119,San Cristobal,VE,7.7669,-72.225,64.98,97,100,1.83,overcast clouds
120,Dulce Nombre De Culmi,HN,15.1,-85.5333,66.36,99,96,2.86,overcast clouds
121,Upernavik,GL,72.7868,-56.1549,10.76,90,100,12.77,overcast clouds
122,Gat,IL,31.61,34.7642,71.4,100,45,9.17,scattered clouds
123,Alizai,PK,33.5383,70.3462,64.71,19,2,3.0,clear sky
124,Narsaq,GL,60.9167,-46.05,21.42,87,38,6.58,scattered clouds
125,Cabedelo,BR,-6.9811,-34.8339,75.87,75,19,10.58,few clouds
126,Albany,US,42.6001,-73.9662,36.37,90,81,7.31,broken clouds
127,Cap Malheureux,MU,-19.9842,57.6142,76.46,56,5,5.99,clear sky
128,Ratne,UA,51.6683,24.5303,31.46,70,100,12.73,overcast clouds
129,Wilmington,US,34.2257,-77.9447,46.9,76,20,14.0,few clouds
130,Mumford,GH,5.2618,-0.759,81.45,74,18,6.93,few clouds
131,Nata,PA,8.3333,-80.5167,73.92,93,100,3.65,moderate rain
132,Mikhaylov,RU,54.2292,39.0186,25.11,85,32,10.38,scattered clouds
133,Urengoy,RU,65.9667,78.3667,4.64,96,100,10.69,overcast clouds
134,Labytnangi,RU,66.6572,66.4183,6.15,79,100,11.14,overcast clouds
135,Ancud,CL,-41.8697,-73.8203,53.51,92,95,7.58,light rain
136,Tafresh,IR,34.692,50.013,47.7,77,100,4.92,light rain
137,Vila Velha,BR,-20.3297,-40.2925,71.55,95,100,5.01,overcast clouds
138,Saint-Augustin,CA,51.226,-58.6502,26.13,95,100,18.12,snow
139,Delta Del Tigre,UY,-34.7633,-56.3853,69.91,63,97,4.36,overcast clouds
140,Bonthe,SL,7.5264,-12.505,78.64,76,30,5.5,scattered clouds
141,Stornoway,GB,58.2093,-6.3865,44.56,81,20,4.61,few clouds
142,Olavarria,AR,-36.8927,-60.3225,62.02,99,97,6.82,overcast clouds
143,Lulea,SE,65.5842,22.1547,6.87,92,0,2.3,clear sky
144,Buraydah,SA,26.326,43.975,75.65,29,100,10.76,overcast clouds
145,Rio Gallegos,AR,-51.6226,-69.2181,58.3,39,100,24.76,overcast clouds
146,Mamallapuram,IN,12.6264,80.1722,87.85,54,3,15.48,clear sky
147,Anloga,GH,5.7947,0.8973,83.28,68,14,7.83,few clouds
148,Plettenberg Bay,ZA,-34.0527,23.3716,62.78,76,96,8.46,overcast clouds
149,Pafos,CY,34.7667,32.4167,67.78,77,40,0.0,scattered clouds
150,Cherkessk,RU,44.2233,42.0578,57.38,42,74,2.33,broken clouds
151,Taltal,CL,-25.4,-70.4833,59.95,89,54,2.37,broken clouds
152,Barranquilla,CO,10.9639,-74.7964,80.38,94,100,2.3,fog
153,Adrar,MR,20.5022,-10.0711,73.69,16,0,12.41,clear sky
154,Tsabong,BW,-26.0217,22.401,92.64,25,0,14.67,clear sky
155,Yenagoa,NG,4.9247,6.2642,84.06,66,35,3.8,scattered clouds
156,Fomboni,KM,-12.28,43.7425,79.34,74,7,8.93,clear sky
157,Sept-Iles,CA,50.2001,-66.3821,25.32,95,100,10.36,light snow
158,Iqaluit,CA,63.7506,-68.5145,10.13,79,100,10.36,light snow
159,Klaksvik,FO,62.2266,-6.589,49.12,85,89,42.57,overcast clouds
160,Caravelas,BR,-17.7125,-39.2481,71.94,95,100,2.8,overcast clouds
161,Khomutovka,RU,51.9207,34.5619,29.44,72,100,11.7,overcast clouds
162,San Ramon,US,37.7799,-121.978,55.38,50,0,3.44,clear sky
163,Brae,GB,60.3964,-1.353,46.81,76,100,36.06,light rain
164,Moth,IN,25.7167,78.95,80.69,20,0,12.48,clear sky
165,Sucua,EC,-2.4667,-78.1667,66.51,98,100,2.84,light rain
166,Mecca,SA,21.4267,39.8261,86.43,42,75,7.65,broken clouds
167,Fort-Shevchenko,KZ,44.5086,50.263,48.27,61,100,14.14,overcast clouds
168,Oistins,BB,13.0667,-59.5333,80.69,78,40,14.97,scattered clouds
169,Muros,ES,42.7762,-9.0603,59.09,90,99,20.24,overcast clouds
170,Mezen,RU,65.8522,44.24,19.62,91,95,6.76,overcast clouds
171,Suruc,TR,36.9761,38.425,57.94,61,90,4.74,overcast clouds
172,Yar-Sale,RU,66.8333,70.8333,10.26,88,100,15.97,overcast clouds
173,Kholm-Zhirkovskiy,RU,55.5189,33.4731,26.76,86,100,1.19,overcast clouds
174,Bosansko Grahovo,BA,44.1794,16.3639,48.63,86,100,4.41,overcast clouds
175,Mar Del Plata,AR,-38.0023,-57.5575,59.95,94,75,11.5,light rain
176,Corinto,GR,37.9407,22.9573,70.9,54,42,5.44,scattered clouds
177,Maniitsoq,GL,65.4167,-52.9,22.05,69,100,10.16,overcast clouds
178,Shiraz,IR,29.6036,52.5388,67.44,40,75,0.0,broken clouds
179,Sur,OM,22.5667,59.5289,82.63,53,3,8.99,clear sky
180,Hamilton,US,39.1834,-84.5333,31.84,82,100,14.97,haze
181,Shahrud,IR,36.4182,54.9763,55.09,35,100,14.99,overcast clouds
182,Bocana De Paiwas,NI,12.7857,-85.1227,69.64,96,89,3.65,overcast clouds
183,Damghan,IR,36.1683,54.348,56.66,35,100,2.21,overcast clouds
184,Ponta Do Sol,PT,32.6667,-17.1,69.71,78,81,4.88,broken clouds
185,Thompson,CA,55.7435,-97.8558,14.16,85,100,13.8,light snow
186,Eresos,GR,39.1667,25.9333,66.88,77,28,20.36,scattered clouds
187,Abha,SA,18.2164,42.5053,73.22,21,0,3.44,clear sky
188,Roanoke Rapids,US,36.4615,-77.6542,39.34,93,0,4.61,clear sky
189,Benghazi,LY,32.1167,20.0667,73.44,55,3,17.56,clear sky
190,Coro,VE,11.4045,-69.6734,76.93,88,100,9.04,overcast clouds
191,Remontnoye,RU,46.5614,43.6501,51.4,64,100,17.52,light rain
192,Quelimane,MZ,-17.8786,36.8883,87.75,58,40,2.3,scattered clouds
193,Velka Bites,CZ,49.2884,16.2274,41.9,94,100,3.44,light intensity drizzle
194,Umm Lajj,SA,25.0213,37.2685,78.12,52,100,10.58,overcast clouds
195,Vila Franca Do Campo,PT,37.7167,-25.4333,61.21,74,82,11.03,broken clouds
196,Kingussie,GB,57.08,-4.0523,42.67,97,100,4.34,moderate rain
197,Polyarnyy,RU,69.1989,33.4478,25.83,82,89,5.5,overcast clouds
198,Cozumel,MX,20.5083,-86.9458,73.47,83,20,0.0,few clouds
199,Olafsvik,IS,64.8945,-23.7142,45.88,76,99,22.75,overcast clouds
200,Snezhnogorsk,RU,69.1933,33.2531,17.38,85,87,4.99,overcast clouds
201,Loubomo,CG,-4.1997,12.6739,71.06,96,100,1.1,light rain
202,Tandalti,SD,13.0167,31.8667,86.54,16,23,13.53,few clouds
203,Vestmanna,FO,62.1564,-7.1664,47.32,87,75,33.38,light intensity drizzle
204,Basqal,AZ,40.7552,48.391,53.65,44,17,12.33,few clouds
205,Harare,ZW,-17.8294,31.0539,83.37,27,1,6.11,clear sky
206,Obera,AR,-27.4871,-55.1199,56.84,76,10,3.22,clear sky
207,Saint-Pierre,RE,-21.3393,55.4781,79.92,50,75,9.22,broken clouds
208,Tucurui,BR,-3.7661,-49.6725,74.98,89,100,3.62,overcast clouds
209,Tromso,NO,69.6496,18.957,29.37,86,0,2.3,clear sky
210,Pitimbu,BR,-7.4706,-34.8086,75.79,78,20,9.78,few clouds
211,Saint George,US,37.1041,-113.5841,36.95,52,0,8.05,clear sky
212,Touros,BR,-5.1989,-35.4608,78.22,74,7,10.27,clear sky
213,Cockburn Town,TC,21.4612,-71.1419,81.48,72,6,16.35,clear sky
214,Chake Chake,TZ,-5.2459,39.7666,85.77,61,60,2.59,light rain
215,Mana,GF,5.6592,-53.7767,76.06,88,100,6.2,overcast clouds
216,Qasigiannguit,GL,68.8193,-51.1922,19.65,88,100,2.39,overcast clouds
217,Campos Gerais,BR,-21.235,-45.7586,57.79,73,0,4.23,clear sky
218,Nioro,GM,13.35,-15.75,80.38,58,17,6.76,few clouds
219,Kanniyakumari,IN,8.0833,77.5667,82.49,69,89,2.64,overcast clouds
220,Novooleksiyivka,UA,46.2269,34.6428,53.92,74,99,8.3,overcast clouds
221,Araouane,ML,18.9048,-3.5265,75.0,13,98,12.8,overcast clouds
222,Nadym,RU,65.5333,72.5167,4.5,81,100,17.11,overcast clouds
223,San Jose,US,37.3394,-121.895,57.9,49,20,3.44,few clouds
224,Lucapa,AO,-8.4192,20.7447,76.57,73,100,1.48,light rain
225,Havoysund,NO,70.9963,24.6622,44.83,76,99,11.68,overcast clouds
226,Dourbali,TD,11.8091,15.8632,87.44,15,3,12.17,clear sky
227,Paita,PE,-5.0892,-81.1144,64.27,85,100,9.53,overcast clouds
228,Maxixe,MZ,-23.8597,35.3472,85.82,54,20,11.5,few clouds
229,Beloha,MG,-25.1667,45.05,89.04,17,0,5.82,clear sky
230,Teberda,RU,43.4456,41.7448,46.76,70,98,9.15,overcast clouds
231,Semey,KZ,50.4111,80.2275,26.82,63,75,17.9,broken clouds
232,Sao Raimundo Nonato,BR,-9.0153,-42.6994,77.7,66,97,2.8,overcast clouds
233,Necochea,AR,-38.5473,-58.7368,56.3,90,42,6.87,scattered clouds
234,Hrodna,BY,53.6884,23.8258,28.26,68,75,6.71,broken clouds
235,Le Mans,FR,48.0,0.2,51.73,87,0,11.5,clear sky
236,Mucurapo,TT,10.6667,-61.5333,77.02,88,100,8.21,light rain
237,Bentiu,SS,9.2333,29.8333,95.11,17,57,5.95,broken clouds
238,Vestmannaeyjar,IS,63.4427,-20.2734,49.19,87,100,35.68,overcast clouds
239,Yining,CN,29.0361,114.5636,62.15,75,88,0.54,overcast clouds
240,Kudymkar,RU,59.0173,54.656,13.53,70,2,3.87,clear sky
241,Iznik,TR,40.4286,29.7211,68.97,42,99,7.29,overcast clouds
242,Saint Anthony,US,45.0205,-93.218,24.4,89,100,8.05,overcast clouds
243,Kulhudhuffushi,MV,6.6221,73.07,82.06,73,40,9.06,scattered clouds
244,Cravo Norte,CO,6.3017,-70.2041,73.56,94,97,2.57,overcast clouds
245,Waddan,LY,29.1614,16.139,73.45,19,0,9.53,clear sky
246,Liberia,LR,6.5,-9.5,78.06,82,35,0.58,scattered clouds
247,Havelock,US,34.8791,-76.9013,48.18,72,0,13.8,clear sky
248,Itacoatiara,BR,-3.1431,-58.4442,75.65,80,100,1.92,overcast clouds
249,Catamarca,AR,-28.4696,-65.7852,80.06,39,0,13.35,clear sky
250,Kemin,KG,42.7846,75.6892,38.89,81,19,1.1,few clouds
251,Mehamn,NO,71.0357,27.8492,42.75,81,75,11.5,broken clouds
252,Stromness,GB,58.965,-3.296,48.87,84,100,28.01,overcast clouds
253,Salalah,OM,17.0151,54.0924,86.09,45,0,6.91,clear sky
254,Blagoyevo,RU,63.3667,47.9167,12.96,85,8,3.74,clear sky
255,Adria,IT,45.0564,12.0578,51.06,82,100,2.95,overcast clouds
256,Ojhar,IN,20.1,73.9333,82.87,25,0,9.15,clear sky
257,Youkounkoun,GN,12.5333,-13.1333,80.62,66,96,2.33,overcast clouds
258,Awjilah,LY,29.1081,21.2869,74.34,23,0,15.66,clear sky
259,Nchelenge,ZM,-9.3451,28.734,77.43,64,66,3.38,light rain
260,Kyshtovka,RU,56.555,76.6271,5.63,89,92,5.28,overcast clouds
261,Beterou,BJ,9.1992,2.2586,84.11,30,9,3.44,clear sky
262,Kasangulu,CD,-4.5911,15.1708,77.88,98,100,0.49,moderate rain
263,Am Timan,TD,11.0297,20.2827,89.78,20,0,8.9,clear sky
264,Piacabucu,BR,-10.4056,-36.4344,77.18,82,61,9.53,broken clouds
265,Barentu,ER,15.1139,37.5928,86.22,24,17,3.6,few clouds
266,Bajil,YE,15.0584,43.2851,89.26,42,8,7.38,clear sky
267,Castro,BR,-24.7911,-50.0119,50.31,92,1,4.38,clear sky
268,Great Yarmouth,GB,52.6083,1.7305,51.46,89,100,7.0,overcast clouds
269,Marsh Harbour,BS,26.5412,-77.0636,77.85,75,17,1.39,few clouds
270,Sao Felix Do Xingu,BR,-6.6447,-51.995,70.7,99,99,1.45,overcast clouds
271,Pangnirtung,CA,66.1451,-65.7125,-2.58,88,99,2.1,overcast clouds
272,Asosa,ET,10.0667,34.5333,79.66,33,7,5.5,clear sky
273,Atar,MR,20.5169,-13.0499,80.33,20,0,11.43,clear sky
274,Bereslavka,RU,48.6254,44.0449,39.97,90,100,14.03,light rain
275,Benguela,AO,-12.5763,13.4055,79.48,65,56,8.05,broken clouds
276,Dobryanka,RU,58.4619,56.4165,16.27,68,6,5.01,clear sky
277,Kamina,CD,-8.7386,24.9906,70.3,75,100,2.35,overcast clouds
278,Monrovia,LR,6.3005,-10.7969,78.8,80,4,2.17,clear sky
279,Chimbarongo,CL,-34.7,-71.05,58.08,66,64,2.98,broken clouds
280,Polonnaruwa,LK,7.9333,81.0,80.92,64,100,7.34,overcast clouds
281,Roald,NO,62.5833,6.1333,50.14,32,0,17.27,clear sky
282,Torbay,CA,47.6666,-52.7314,38.75,94,100,18.41,light rain
283,Guaranesia,BR,-21.2992,-46.8025,61.63,69,0,7.87,clear sky
284,Luanda,AO,-8.8368,13.2343,78.8,73,75,8.05,broken clouds
285,Nova Varos,RS,43.4606,19.8114,49.89,80,58,2.28,broken clouds
286,Sao Jose Do Belmonte,BR,-7.8614,-38.7597,75.22,62,26,4.34,scattered clouds
287,Oum Hadjer,TD,13.2954,19.6966,86.72,17,2,8.5,clear sky
288,Kommunarka,RU,55.5695,37.4893,27.75,90,100,4.47,overcast clouds
289,Beni Suef,EG,29.0731,31.0979,71.62,42,0,5.39,clear sky
290,Husavik,IS,66.0449,-17.3389,45.41,81,82,24.05,broken clouds
291,Sfantu Gheorghe,RO,45.8667,25.7833,49.26,54,100,3.47,overcast clouds
292,Iglino,RU,54.8324,56.4126,21.29,77,98,6.6,overcast clouds
293,Copiapo,CL,-27.3667,-70.3333,55.09,82,0,2.75,clear sky
294,Jalingo,NG,8.8833,11.3667,89.76,24,39,2.46,scattered clouds
295,Knysna,ZA,-34.0363,23.0471,63.57,77,99,7.47,overcast clouds
296,Menongue,AO,-14.6585,17.691,88.2,28,19,4.92,few clouds
297,Sadon,RU,42.8518,44.0037,47.84,60,36,5.64,scattered clouds
298,Codrington,AU,-38.2667,141.9667,53.08,79,10,9.13,clear sky
299,Urumqi,CN,43.801,87.6005,27.55,100,100,8.95,mist
300,Krasnoselkup,RU,65.7,82.4667,-11.33,95,84,9.28,broken clouds
301,Henties Bay,NA,-22.116,14.2845,65.16,74,48,8.08,scattered clouds
302,Duba-Yurt,RU,43.0372,45.7319,49.17,46,88,4.12,overcast clouds
303,Norden,DE,53.6,7.2,41.95,97,100,1.01,light rain
304,Muli,MV,2.9167,73.5667,81.81,75,94,13.06,overcast clouds
305,Odweyne,SO,9.4092,45.064,81.37,29,37,2.21,scattered clouds
306,Laguna,US,38.421,-121.4238,53.01,84,0,5.75,clear sky
307,Geraldton,AU,-28.7667,114.6,68.41,56,75,19.57,broken clouds
308,Arona,ES,28.0996,-16.681,71.98,55,0,11.5,clear sky
309,Grand Gaube,MU,-20.0064,57.6608,79.2,57,5,4.0,clear sky
310,Omboue,GA,-1.5746,9.2618,74.77,93,100,6.17,moderate rain
311,Asyut,EG,27.181,31.1837,72.1,33,100,8.68,overcast clouds
312,Veraval,IN,20.9,70.3667,87.46,36,0,2.68,clear sky
313,Salto,UY,-31.3833,-57.9667,66.87,77,40,6.55,scattered clouds
314,Azanka,RU,58.0401,64.7893,5.2,75,10,1.52,clear sky
315,Antofagasta,CL,-23.65,-70.4,61.88,90,39,1.48,scattered clouds
316,Aswan,EG,24.0934,32.907,74.28,32,100,10.69,overcast clouds
317,Sechura,PE,-5.5569,-80.8222,64.26,84,100,10.38,overcast clouds
318,Hobyo,SO,5.3505,48.5268,84.67,63,14,15.88,few clouds
319,Severodvinsk,RU,64.5635,39.8302,26.71,90,97,5.82,overcast clouds
320,Gamba,GA,-2.65,10.0,75.54,87,98,8.3,light rain
321,Porto Santo,PT,33.072,-16.3415,68.38,94,40,5.75,scattered clouds
322,Tabuk,PH,17.4189,121.4443,79.92,81,43,1.45,scattered clouds
323,Mezhdurechensk,RU,53.6942,88.0603,24.57,93,100,6.73,light snow
324,Beaufort,MY,5.3473,115.7455,81.21,90,98,2.46,overcast clouds
325,Elizabeth City,US,36.2946,-76.2511,45.01,70,0,10.36,clear sky
326,Matara,LK,5.9485,80.5353,85.06,60,11,7.49,few clouds
327,Savinka,RU,50.0785,47.0994,38.86,92,100,11.61,overcast clouds
328,Sao Joao Da Barra,BR,-21.6403,-41.0511,69.15,80,100,16.24,overcast clouds
329,Arvika,SE,59.6553,12.5852,32.61,76,90,8.16,overcast clouds
330,Glace Bay,CA,46.1969,-59.957,56.89,96,100,24.16,mist
331,Khash,IR,28.2211,61.2158,71.85,23,3,7.45,clear sky
332,Santa Ana,US,33.7456,-117.8678,66.34,19,0,5.75,clear sky
333,Comodoro Rivadavia,AR,-45.8667,-67.5,58.86,51,0,9.22,clear sky
334,Marseille,FR,43.3333,5.5,61.84,74,41,7.23,scattered clouds
335,Kirovskiy,RU,45.0917,133.5136,26.96,86,6,4.59,clear sky
336,Margate,GB,51.3813,1.3862,48.9,94,100,7.0,moderate rain
337,Beeskow,DE,52.1667,14.25,40.33,82,100,15.55,overcast clouds
338,Maridi,SS,4.9158,29.4742,82.26,61,63,2.08,light rain
339,Paamiut,GL,61.994,-49.6678,9.61,73,69,6.96,broken clouds
340,Sebastian,US,35.1668,-94.2669,28.08,62,0,2.93,clear sky
341,Bilma,NE,18.6853,12.9164,74.89,19,52,5.75,broken clouds
342,Kavaratti,IN,10.5669,72.642,82.35,68,3,2.28,clear sky
343,Morros,BR,-9.4467,-46.3003,69.93,87,87,2.73,overcast clouds
344,Ilebo,CD,-4.3167,20.5833,82.04,64,98,2.84,overcast clouds
345,Coihaique,CL,-45.5752,-72.0662,52.41,93,100,3.44,light rain
346,Sisimiut,GL,66.9395,-53.6735,23.79,93,100,21.0,light snow
347,Dhrol,IN,22.5667,70.4167,92.59,23,0,8.16,clear sky
348,Watsa,CD,3.0372,29.5355,67.82,93,100,2.19,overcast clouds
349,Mogadishu,SO,2.0371,45.3438,85.87,79,40,10.36,scattered clouds
350,Solton,RU,52.8429,86.4787,25.9,86,100,13.56,overcast clouds
351,Kjollefjord,NO,70.9457,27.3465,44.65,81,75,11.5,broken clouds
352,Prainha,BR,-1.8,-53.48,73.53,72,100,2.06,overcast clouds
353,Eatonton,US,33.3268,-83.3885,39.38,78,19,4.52,few clouds
354,Buriti Bravo,BR,-5.8372,-43.8336,70.39,86,11,2.59,few clouds
355,Weilmunster,DE,50.4333,8.3667,51.37,80,96,13.13,moderate rain
356,Puerto Madryn,AR,-42.7692,-65.0385,59.04,63,84,19.1,broken clouds
357,Praia Da Vitoria,PT,38.7333,-27.0667,59.76,77,40,18.61,scattered clouds
358,Revda,RU,56.801,59.9303,12.42,75,12,4.25,few clouds
359,Frederikshavn,DK,57.4407,10.5366,44.13,62,100,27.78,overcast clouds
360,Lima,PE,-12.0432,-77.0282,62.91,86,100,9.22,overcast clouds
361,Bathsheba,BB,13.2167,-59.5167,81.21,78,40,14.97,scattered clouds
362,Port Hawkesbury,CA,45.6169,-61.3485,53.58,95,100,10.0,overcast clouds
363,Sembe,CG,1.6481,14.5806,74.86,90,99,0.49,light rain
364,Saint-Joseph,RE,-21.3667,55.6167,77.38,68,18,7.07,few clouds
365,Kabompo,ZM,-13.5927,24.2008,85.62,43,4,3.96,clear sky
366,Bubaque,GW,11.2833,-15.8333,81.86,74,95,9.66,overcast clouds
367,Gazli,UZ,40.1333,63.45,54.14,38,100,17.29,overcast clouds
368,Sandy Bay,AU,-42.913,147.3532,56.3,72,75,12.66,broken clouds
369,Mbini,GQ,1.574,9.6134,80.44,80,61,3.67,light rain
370,Ndele,CF,8.4109,20.6473,89.28,23,100,6.89,overcast clouds
371,Kudahuvadhoo,MV,2.6708,72.8944,81.66,76,46,13.49,scattered clouds
372,Pontes E Lacerda,BR,-15.2261,-59.3353,67.15,59,15,3.06,few clouds
373,Loiza,PR,18.4313,-65.8802,75.18,90,20,0.0,few clouds
374,Camiri,BO,-20.05,-63.5167,65.23,62,23,2.8,few clouds
375,Ostrovnoy,RU,68.0531,39.5131,30.92,94,99,20.45,overcast clouds
376,Ballina,AU,-28.8667,153.5667,64.02,70,0,9.13,clear sky
377,Varna,BG,43.2167,27.9167,64.24,67,0,2.3,clear sky
378,Shirvan,AZ,39.9509,48.8994,60.89,47,10,16.2,clear sky
379,Maragogi,BR,-9.0122,-35.2225,77.41,79,89,7.36,overcast clouds
380,Upata,VE,8.0086,-62.3989,73.18,99,100,2.39,overcast clouds
381,Lebu,CL,-37.6167,-73.65,53.91,94,37,7.47,scattered clouds
382,Korla,CN,41.7597,86.1469,46.06,35,100,4.85,overcast clouds
383,Takestan,IR,36.0696,49.6959,50.13,41,100,6.38,overcast clouds
384,Kindu,CD,-2.95,25.95,78.51,75,92,2.84,light rain
385,Gornopravdinsk,RU,60.05,69.9,2.39,86,13,1.63,few clouds
386,Kupino,RU,54.3663,77.2981,16.43,84,100,10.51,overcast clouds
387,Apen,DE,53.2167,7.8,42.01,90,100,27.11,overcast clouds
388,Bosaso,SO,11.2842,49.1816,82.38,65,0,11.5,clear sky
389,Grevena,GR,40.0845,21.4274,56.77,73,100,4.92,overcast clouds
390,Uhlove,UA,44.8215,33.6045,59.02,80,100,18.03,light rain
391,Sistranda,NO,63.7256,8.834,42.76,54,0,18.05,clear sky
392,Rafaela,AR,-31.2503,-61.4867,65.98,50,57,1.99,broken clouds
393,Dzaoudzi,YT,-12.7887,45.2699,85.89,66,75,6.91,broken clouds
394,Loandjili,CG,-4.7561,11.8578,78.91,89,100,5.75,overcast clouds
395,Kirkwall,GB,58.9848,-2.9587,48.96,81,75,31.07,broken clouds
396,Ostersund,SE,63.1792,14.6357,21.65,100,100,10.0,fog
397,Liverpool,GB,53.4106,-2.9779,48.15,95,100,12.66,light rain
398,Santa Maria,BR,-29.6842,-53.8069,61.39,66,33,2.75,scattered clouds
399,Boa Vista,BR,2.8197,-60.6733,75.18,94,0,5.75,clear sky
400,Marrakesh,MA,31.6315,-8.0083,60.87,36,0,3.44,clear sky
401,Ayia Galini,GR,35.1,24.6833,72.39,72,33,9.95,scattered clouds
402,Presidencia Roque Saenz Pena,AR,-26.7852,-60.4388,62.98,68,0,6.98,clear sky
403,Les Escoumins,CA,48.1111,-69.0236,27.75,98,100,3.27,light snow
404,Berbera,SO,10.4396,45.0143,84.22,55,17,14.72,few clouds
405,Fallingbostel,DE,52.8667,9.7,41.05,87,100,20.54,moderate rain
406,Krasnoye,UA,49.9145,24.6134,32.79,95,100,12.57,light snow
407,Estelle,US,29.8458,-90.1067,51.8,62,0,5.75,clear sky
408,Santa Rosa De Osos,CO,6.6474,-75.4603,49.5,97,100,0.72,overcast clouds
409,Strezhevoy,RU,60.7333,77.5889,-3.48,86,18,6.15,few clouds
410,Savonlinna,FI,61.8699,28.88,32.05,86,100,9.22,overcast clouds
411,Muravlenko,RU,63.7898,74.523,-1.21,78,99,15.82,overcast clouds
412,Iranshahr,IR,27.2025,60.6848,82.74,26,0,4.61,clear sky
413,Caraballeda,VE,10.6112,-66.8522,75.27,88,40,1.14,scattered clouds
414,Sydney,AU,-33.8679,151.2073,61.9,62,40,20.71,scattered clouds
415,Grindavik,IS,63.8424,-22.4338,46.87,87,100,28.77,overcast clouds
416,Sabha,LY,27.0377,14.4283,70.14,24,0,7.4,clear sky
417,Hatillo,PR,18.4863,-66.8254,76.86,95,7,7.78,moderate rain
418,Quatre Cocos,MU,-20.2078,57.7625,78.91,51,36,8.7,scattered clouds
419,San Pedro,PH,14.35,121.0167,87.03,69,40,5.75,scattered clouds
420,Assare,BR,-6.8744,-39.875,71.82,81,47,6.02,scattered clouds
421,Astana,KZ,51.1801,71.446,21.15,63,75,13.42,broken clouds
422,Praia,CV,14.9215,-23.5087,73.94,83,20,8.05,few clouds
423,Usinsk,RU,65.9939,57.5281,-4.04,96,86,17.69,overcast clouds
424,Joshimath,IN,30.5667,79.5667,59.22,27,0,5.73,clear sky
425,Telfs,AT,47.3,11.0667,47.57,54,64,0.94,broken clouds
426,Pervomayskoye,RU,43.919,46.7102,54.91,80,100,6.8,overcast clouds
427,Palmas,BR,-10.2128,-48.3603,75.07,88,40,4.61,scattered clouds
428,Carnarvon,AU,-24.8667,113.6333,68.07,61,4,20.47,clear sky
429,Ringebu,NO,61.5167,10.1667,30.18,85,6,1.5,clear sky
430,Porto Novo,BJ,6.4965,2.6036,80.42,67,80,3.8,broken clouds
431,Hambantota,LK,6.1241,81.1185,86.34,74,40,5.75,scattered clouds
432,Talcahuano,CL,-36.7167,-73.1167,58.68,88,75,11.5,broken clouds
433,Tocopilla,CL,-22.092,-70.1979,63.36,76,61,0.6,broken clouds
434,Saint-Martin-Boulogne,FR,50.7269,1.6186,54.72,75,99,30.85,overcast clouds
435,Kabelvag,NO,68.2114,14.4817,39.2,52,0,8.05,clear sky
436,Kargalinskaya,RU,43.7417,46.4792,53.78,76,100,7.7,overcast clouds
437,Goderich,CA,43.7501,-81.7165,33.91,100,100,17.27,snow
438,Rawson,AR,-43.3002,-65.1023,58.68,64,83,21.05,broken clouds
439,Lincoln,US,40.8,-96.667,28.96,62,0,6.91,clear sky
440,Toguchin,RU,55.2353,84.3858,20.43,89,100,12.71,overcast clouds
441,Mansa,IN,29.9833,75.3833,78.4,25,0,10.54,clear sky
442,Belmonte,BR,-15.8631,-38.8828,73.13,93,100,3.56,overcast clouds
443,Banmankhi,IN,25.8833,87.1833,82.09,33,0,10.94,clear sky
444,Marawi,PH,7.9986,124.2928,70.48,92,100,3.27,overcast clouds
445,Kutum,SD,14.2,24.6667,73.8,19,3,7.58,clear sky
446,Birao,CF,10.2849,22.7882,89.2,16,49,10.51,scattered clouds
447,Rocha,UY,-34.4833,-54.3333,59.59,68,57,5.1,light rain
448,Mazagao,BR,-0.115,-51.2894,77.05,95,91,3.4,overcast clouds
449,Saint-Paul,RE,-21.0096,55.2707,79.36,60,13,4.21,few clouds
450,Bay Roberts,CA,47.5999,-53.2648,39.51,92,100,5.01,light rain
451,Surt,LY,31.2089,16.5887,71.53,32,0,18.54,clear sky
452,Lichinga,MZ,-13.3128,35.2406,73.49,68,40,9.22,scattered clouds
453,Morondava,MG,-20.2833,44.2833,82.78,66,6,11.36,clear sky
454,Mitsamiouli,KM,-11.3847,43.2844,84.49,70,20,6.91,light rain
455,Coruripe,BR,-10.1256,-36.1756,76.84,81,75,8.99,broken clouds
456,Borovskoy,KZ,53.8,64.15,12.85,71,8,4.0,clear sky
457,Garoua,CM,9.3,13.4,84.6,39,0,8.05,clear sky
458,Tarko-Sale,RU,64.9225,77.785,6.21,95,99,15.12,overcast clouds
459,Tamandare,BR,-8.7597,-35.1047,77.13,79,86,7.7,overcast clouds
460,Rundu,NA,-17.9333,19.7667,91.51,21,10,7.16,clear sky
461,Krasnoborsk,RU,61.5598,45.934,18.54,72,6,5.46,clear sky
462,Lohardaga,IN,23.4333,84.6833,75.79,36,0,7.52,clear sky
463,Mount Pleasant,US,32.7941,-79.8626,48.2,79,20,11.5,few clouds
464,Boromo,BF,11.75,-2.9333,82.04,13,26,10.02,scattered clouds
465,Kourou,GF,5.1552,-52.6478,73.45,92,100,5.88,overcast clouds
466,Nara,JP,34.6851,135.8049,58.32,47,97,0.36,overcast clouds
467,Malakal,SS,9.5334,31.6605,92.86,17,12,10.49,few clouds
468,Baripada,IN,21.935,86.7214,84.29,32,1,8.08,clear sky
469,Ayacucho,PE,-13.1583,-74.2239,55.62,80,92,2.39,overcast clouds
470,Puerto Carreno,CO,6.189,-67.4859,74.8,94,100,6.22,overcast clouds
471,Lyngseidet,NO,69.5763,20.2189,23.0,42,15,8.19,few clouds
472,Cururupu,BR,-1.8283,-44.8683,75.42,84,100,3.58,overcast clouds
473,Imeni Karla Libknekhta,RU,51.6232,35.4775,27.09,87,100,11.65,light snow
474,Sambava,MG,-14.2667,50.1667,79.09,72,25,7.74,light rain
475,Vallenar,CL,-28.5708,-70.7581,61.86,83,2,1.66,clear sky
476,Beaupre,CA,47.0443,-70.8953,29.53,93,100,2.3,light snow
477,Ugoofaaru,MV,5.6667,73.0,81.86,74,22,10.78,few clouds
478,Sorland,NO,67.667,12.6934,46.26,56,23,11.1,few clouds
479,Capiibary,PY,-24.8,-56.0333,58.59,82,0,4.32,clear sky
480,Ubinskoye,RU,55.3068,79.6802,14.95,88,100,7.76,overcast clouds
481,Sovetskiy,RU,61.3614,63.5842,5.11,78,1,5.79,clear sky
482,Komsomolskiy,UZ,40.4272,71.7189,48.92,53,46,2.3,scattered clouds
483,Yabelo,ET,4.8833,38.0833,75.29,30,5,13.71,clear sky
484,Mporokoso,ZM,-9.3727,30.125,75.79,58,83,5.12,light rain
485,Gubkinskiy,RU,64.434,76.5026,4.91,80,100,15.93,overcast clouds
486,Malanville,BJ,11.8685,3.3899,82.71,21,16,10.25,few clouds
487,Maiduguri,NG,11.8464,13.1603,84.6,26,19,11.92,few clouds
488,Shache,CN,38.4167,77.2406,58.15,14,0,9.98,clear sky
489,Rafraf,TN,37.1904,10.1837,66.51,72,100,22.84,overcast clouds
490,Adelaide,AU,-34.9333,138.6,69.12,57,0,9.22,clear sky
491,Teguise,ES,29.0605,-13.564,66.42,83,0,9.22,clear sky
492,Hearst,CA,49.6835,-83.6665,14.25,95,100,3.98,overcast clouds
493,Oktyabrskoye,RU,43.0645,44.7417,50.14,46,40,2.24,scattered clouds
494,Porbandar,IN,21.6422,69.6093,88.11,31,1,3.31,clear sky
495,Chimoio,MZ,-19.1164,33.4833,85.48,41,0,3.29,clear sky
496,Gualaquiza,EC,-3.4,-78.55,61.9,99,100,1.66,light rain
497,Guarapari,BR,-20.6667,-40.4975,69.89,88,100,13.42,overcast clouds
498,Desenzano Del Garda,IT,45.468,10.534,54.79,93,68,5.75,mist
499,Salamiyah,SY,35.0113,37.0532,62.91,58,100,8.3,overcast clouds
500,Weligama,LK,5.9667,80.4167,85.21,59,8,6.87,clear sky
501,Visby,SE,57.6409,18.296,39.06,100,75,5.75,drizzle
502,Punta De Piedra,VE,7.6176,-71.4916,70.47,97,100,1.74,overcast clouds
503,Antalaha,MG,-14.9003,50.2788,80.17,69,22,6.91,light rain
504,Campina Verde,BR,-19.5356,-49.4864,65.66,66,0,4.16,clear sky
505,Buenaventura,CO,3.8801,-77.0312,73.76,99,100,1.77,moderate rain
506,Tchibanga,GA,-2.85,11.0333,77.14,88,100,3.06,overcast clouds
507,Puerto Leguizamo,CO,-0.1934,-74.7819,69.21,100,100,2.19,overcast clouds
508,Othaya,KE,-0.5652,36.9609,61.34,92,93,4.14,light rain
509,Shebekino,RU,50.4097,36.9136,29.62,98,100,11.52,snow
510,Lokosovo,RU,61.1333,74.8167,-2.42,91,27,5.99,scattered clouds
511,Eyl,SO,7.9803,49.8164,85.96,50,7,17.36,clear sky
512,Samoded,RU,63.6083,40.5111,25.25,86,98,4.61,overcast clouds
513,Belfast,GB,54.5833,-5.9333,46.38,99,75,4.61,fog
514,Belyy Yar,RU,53.6039,91.3903,30.09,53,0,17.9,clear sky
515,Iskateley,RU,67.6803,53.1512,17.17,92,100,18.45,overcast clouds
516,Buchmany,UA,51.0689,28.0421,30.54,81,100,10.38,overcast clouds
517,Vyborg,RU,60.7076,28.7528,34.61,87,83,7.52,broken clouds
518,Ystad,SE,55.4297,13.8204,41.74,64,62,27.0,broken clouds
519,Vage,NO,60.0469,5.5178,43.93,53,0,9.64,clear sky
520,Tabou,CI,4.423,-7.3528,80.89,77,37,4.79,scattered clouds
521,Novyye Lyady,RU,58.0536,56.6039,9.64,66,7,5.14,clear sky
522,Zanjan,IR,36.6736,48.4787,46.09,81,40,9.22,light intensity shower rain
523,Gboko,NG,7.3179,8.9951,84.04,57,23,7.05,few clouds
524,General Pico,AR,-35.6566,-63.7568,65.61,72,100,11.12,overcast clouds
525,Yarmouth,US,41.7057,-70.2286,44.74,77,0,21.0,clear sky
526,Harrisonburg,US,38.4496,-78.8689,33.03,62,75,3.44,broken clouds
527,Manavalakurichi,IN,8.1333,77.3,82.33,71,93,4.16,overcast clouds
528,Boke,GN,10.9409,-14.2967,77.5,81,100,3.56,overcast clouds
529,Cap-Aux-Meules,CA,47.3821,-61.8597,50.02,93,100,17.27,overcast clouds
530,Cienfuegos,CU,22.1461,-80.4356,73.54,94,15,5.75,few clouds
531,Guadalupe,MX,25.6833,-100.25,47.97,68,97,4.0,overcast clouds
532,Ulagan,RU,50.6321,87.9563,22.39,64,100,3.06,overcast clouds
533,Inta,RU,66.0317,60.1659,1.27,85,88,22.37,overcast clouds
534,Mananara,MG,-16.1667,49.7667,81.68,65,51,6.49,broken clouds
535,Sulina,RO,45.1559,29.6536,57.27,80,98,11.41,overcast clouds
536,Armacao De Pera,PT,37.1026,-8.357,66.11,87,42,11.43,scattered clouds
537,Kapuskasing,CA,49.4169,-82.4331,10.49,85,100,4.61,overcast clouds
538,Marandahalli,IN,12.4,78.0,81.0,43,37,5.86,scattered clouds
539,Karwar,IN,14.8,74.1333,87.28,38,9,6.46,clear sky
540,Tonstad,NO,58.6626,6.7169,39.2,89,99,35.32,overcast clouds
541,Dabakala,CI,8.3667,-4.4333,80.53,37,6,2.26,clear sky
542,Srisailam,IN,16.0833,78.8667,80.56,33,35,6.89,scattered clouds
543,Sozimskiy,RU,59.7418,52.2482,16.41,76,9,5.37,clear sky
544,Llanes,ES,43.4198,-4.7549,64.89,71,10,12.41,clear sky
545,Ouango,CF,4.3133,22.5552,85.69,51,91,2.42,overcast clouds
546,Los Pozos,VE,8.4518,-62.7268,77.04,96,100,3.24,overcast clouds
547,Volga,RU,57.9516,38.3879,28.45,80,74,7.07,broken clouds
548,Takoradi,GH,4.8845,-1.7554,81.52,72,11,6.4,few clouds
549,Camapua,BR,-19.5314,-54.0439,63.5,69,0,5.32,clear sky
550,Darnah,LY,32.767,22.6367,72.39,35,0,24.23,clear sky
551,Timra,SE,62.487,17.3257,20.88,79,0,10.36,clear sky
552,Asmar,AF,35.0333,71.3581,64.54,18,3,1.92,clear sky
553,Nushki,PK,29.5542,66.0215,68.65,17,8,6.29,clear sky
554,Makokou,GA,0.5738,12.8642,78.85,75,54,2.62,light rain
555,Elblag,PL,54.1522,19.4088,32.95,66,6,11.05,clear sky
556,Punta Alta,AR,-38.8759,-62.0736,63.54,71,66,13.82,broken clouds
557,Ozinki,RU,51.1786,49.6769,29.3,96,100,16.71,snow
558,Salinas,US,36.6777,-121.6555,55.06,58,0,9.22,clear sky
559,Bonaventure,CA,48.0457,-65.4926,34.34,93,100,9.22,overcast clouds
560,Munak,IN,29.5187,76.8486,76.91,26,0,11.18,clear sky
561,Livingstone,ZM,-17.8419,25.8543,91.15,27,6,4.68,clear sky
562,Shrewsbury,GB,52.7101,-2.7521,49.68,91,100,13.8,light rain
563,Eutin,DE,54.1333,10.6167,38.97,81,21,24.65,few clouds
564,Isla Mujeres,MX,21.2311,-86.731,71.17,71,45,11.52,scattered clouds
565,Beyneu,KZ,45.3167,55.2,42.71,50,100,20.87,overcast clouds
566,Oume,JP,35.7839,139.2431,56.86,53,100,4.61,overcast clouds
567,Derzhavinsk,KZ,51.1,66.3167,21.31,78,100,9.08,overcast clouds
568,Nelson,NZ,-41.2833,173.2833,63.28,88,100,4.03,moderate rain
569,Fez,MA,34.0372,-4.9998,61.05,44,0,3.44,clear sky
570,Najran,SA,17.4924,44.1277,79.45,17,0,8.63,clear sky
571,Requena,ES,39.4883,-1.1004,62.53,77,85,21.45,overcast clouds
572,Kilrush,IE,52.6397,-9.4833,37.15,86,60,4.56,light rain
573,Hlotse,LS,-28.8718,28.045,77.09,24,1,10.0,clear sky
574,Ipixuna,BR,-1.7625,-48.8043,73.08,94,81,2.8,broken clouds
575,Alexandria,EG,31.2156,29.9553,71.56,64,40,8.05,scattered clouds
576,Diamantino,BR,-14.4086,-56.4461,68.85,51,7,2.62,clear sky
577,Salym,RU,60.0625,71.4789,1.87,88,17,2.19,few clouds
578,Kabwe,ZM,-14.4469,28.4464,83.97,42,0,5.59,clear sky
579,Monte Azul,BR,-15.155,-42.8747,66.11,92,56,2.73,broken clouds
580,Ambovombe,MG,-25.1667,46.0833,81.28,53,32,8.32,scattered clouds
581,Mahon,ES,39.8885,4.2658,70.36,78,0,2.3,clear sky
582,Barabinsk,RU,55.3571,78.357,14.27,89,100,6.96,overcast clouds
583,Kalmar,SE,56.6616,16.3616,42.15,72,100,10.36,overcast clouds
584,Jalu,LY,29.0331,21.5482,74.28,24,0,15.14,clear sky
585,Grand-Santi,GF,4.25,-54.3833,70.27,99,67,2.26,broken clouds
586,Muyezerskiy,RU,63.9333,31.65,31.78,79,100,3.47,overcast clouds
587,Teguldet,RU,57.3064,88.1667,17.46,92,100,6.24,light snow
588,Petauke,ZM,-14.2426,31.3253,89.06,28,18,6.29,few clouds
589,Sinnamary,GF,5.3833,-52.95,75.61,90,100,7.76,overcast clouds
590,Santa Vitoria Do Palmar,BR,-33.5189,-53.3681,60.21,71,32,5.14,scattered clouds
591,Savannah Bight,HN,16.45,-85.85,81.09,75,33,9.33,moderate rain
592,Umm Kaddadah,SD,13.6017,26.6876,79.48,18,62,15.41,broken clouds
593,Westport,US,41.1415,-73.3579,39.74,76,0,9.22,clear sky
594,Abu Kamal,SY,34.4506,40.9171,68.83,48,59,8.66,broken clouds
595,Talnakh,RU,69.4865,88.3972,-26.46,99,100,10.18,overcast clouds
596,Zhob,PK,31.3411,69.4481,61.5,20,0,5.41,clear sky
597,Huarmey,PE,-10.0681,-78.1522,63.73,90,100,5.48,overcast clouds
598,Mahanoro,MG,-19.9,48.8,79.3,70,71,12.37,broken clouds
599,Patan,NP,27.6667,85.3333,68.38,49,20,6.91,few clouds
600,Ginir,ET,7.1333,40.7,71.38,34,0,7.94,clear sky
601,Abu Dhabi,AE,24.4667,54.3667,89.71,31,0,6.91,clear sky
602,Bocaiuva,BR,-17.1078,-43.815,65.91,93,98,2.48,overcast clouds
603,Zheleznodorozhnyy,RU,55.7503,38.0042,28.22,80,100,6.06,overcast clouds
604,Canutama,BR,-6.5339,-64.3831,72.5,97,100,0.11,overcast clouds
605,Leshukonskoye,RU,64.8989,45.7622,11.35,95,91,5.23,overcast clouds
606,Vikevag,NO,59.0976,5.6969,46.42,57,10,11.01,clear sky
607,Sena Madureira,BR,-9.0656,-68.6569,71.01,99,98,1.57,overcast clouds
608,Kasungu,MW,-13.0333,33.4833,82.62,40,40,8.75,scattered clouds
609,Veliki Preslav,BG,43.1667,26.8167,56.98,73,85,5.97,overcast clouds
610,Malinovoye Ozero,RU,51.6753,79.7825,25.36,77,100,12.28,overcast clouds
611,Kragujevac,RS,44.0167,20.9167,52.09,74,80,5.86,broken clouds
612,Connersville,US,39.6412,-85.1411,30.4,86,98,7.0,overcast clouds
613,Kolondieba,ML,11.0882,-6.8926,81.68,17,63,7.81,broken clouds
614,Honningsvag,NO,70.9821,25.9704,44.35,70,100,10.36,overcast clouds
615,Rudbar,AF,30.15,62.6,74.98,13,1,3.15,clear sky
616,Kalisz,PL,51.7611,18.091,36.34,68,68,15.26,broken clouds
617,Bundibugyo,UG,0.7414,30.0417,79.77,62,94,1.83,light rain
618,Hualmay,PE,-11.0964,-77.6139,63.14,89,100,7.96,overcast clouds
619,Tacoronte,ES,28.4769,-16.4102,72.34,34,0,6.91,clear sky
620,Angoche,MZ,-16.2325,39.9086,85.64,57,92,9.69,overcast clouds
621,Ferme-Neuve,CA,46.7001,-75.4493,24.62,92,99,6.08,overcast clouds
622,Nurota,UZ,40.5614,65.6886,54.59,36,100,7.7,overcast clouds
623,Surenavan,AM,39.75,44.8,56.07,38,87,1.77,overcast clouds
624,Meulaboh,ID,4.1363,96.1285,82.06,71,98,3.51,overcast clouds
625,Serebryansk,KZ,49.6925,83.2892,23.2,90,100,4.85,light snow
626,Kuruman,ZA,-27.4524,23.4325,86.99,15,7,13.53,clear sky
627,Puck,PL,54.7179,18.4084,37.0,79,55,16.51,broken clouds
628,Tzucacab,MX,20.0667,-89.05,70.36,99,80,1.95,broken clouds
629,Misratah,LY,32.3754,15.0925,73.31,40,60,15.84,broken clouds
630,Alhandra,BR,-7.4386,-34.9144,75.42,79,23,6.91,few clouds
631,Garagoa,CO,5.0824,-73.3633,57.34,95,100,2.46,overcast clouds
632,Manturovo,RU,58.3353,44.7619,21.09,60,94,8.61,overcast clouds
633,Onguday,RU,50.75,86.15,23.22,67,100,3.89,overcast clouds
634,Igdir,TR,39.9237,44.045,51.73,46,36,2.73,scattered clouds
635,Saint-Hyacinthe,CA,45.6168,-72.9491,31.06,97,94,7.27,overcast clouds
636,Opuwo,NA,-18.0607,13.84,85.33,34,91,6.24,overcast clouds
637,Calama,CL,-22.4667,-68.9333,43.29,36,0,12.66,clear sky
638,Birigui,BR,-21.2886,-50.34,64.51,63,0,16.11,clear sky
639,Zhezkazgan,KZ,47.8043,67.7144,24.78,80,100,6.71,light snow
640,Lethem,GY,3.3803,-59.7968,75.69,82,90,7.09,overcast clouds
641,Aden,YE,12.7794,45.0367,81.45,64,9,16.35,clear sky
642,Mattru,SL,7.6244,-11.8332,77.04,84,15,2.75,few clouds
643,Sorata,BO,-15.7667,-68.6333,38.32,48,4,1.92,clear sky
644,Maldonado,UY,-34.6667,-54.9167,69.22,61,91,2.46,light rain
645,Nanga Eboko,CM,4.6833,12.3667,83.43,52,7,3.18,light rain
646,Villa Bruzual,VE,9.3328,-69.1208,73.35,91,100,3.02,overcast clouds
647,Vossevangen,NO,60.623,6.4229,36.0,65,57,6.87,broken clouds
648,Rio Grande,BR,-32.035,-52.0986,65.16,69,18,4.32,few clouds
649,Chabahar,IR,25.2919,60.643,81.46,58,0,7.45,clear sky
650,Kassala,SD,15.451,36.4,92.37,25,10,9.57,clear sky
651,Bure,ET,10.7,37.0667,71.02,46,27,4.36,scattered clouds
652,Lisala,CD,2.15,21.5167,70.3,98,100,3.22,overcast clouds
653,Pojuca,BR,-12.4231,-38.326,73.04,92,87,2.06,overcast clouds
654,Mabaruma,GY,8.2,-59.7833,72.95,98,100,1.61,overcast clouds
655,Iquitos,PE,-3.7481,-73.2472,73.44,94,0,1.14,clear sky
656,Senneterre,CA,48.3835,-77.2328,19.49,92,100,6.31,light snow
657,Kedrovyy,RU,56.1667,91.8167,23.41,83,95,8.66,overcast clouds
658,Skjervoy,NO,70.0311,20.9714,23.0,42,8,4.43,clear sky
659,Placido De Castro,BR,-10.3353,-67.1856,71.71,96,99,0.31,overcast clouds
660,Savelugu,GH,9.6244,-0.8253,83.73,19,62,6.42,broken clouds
661,Seda,LV,57.65,25.75,32.05,76,100,7.36,overcast clouds
662,Effingham,US,32.3669,-81.3332,48.65,69,100,11.77,overcast clouds
663,Urubicha,BO,-15.3833,-62.95,72.16,57,37,2.46,scattered clouds
664,Ust-Tsilma,RU,65.441,52.1498,8.37,93,90,6.08,overcast clouds
665,Thinadhoo,MV,0.5333,72.9333,81.57,71,66,12.75,broken clouds
666,Canto Do Buriti,BR,-8.11,-42.9444,78.67,53,83,2.19,broken clouds
667,Pestovo,RU,58.5938,35.8024,29.53,85,99,8.63,overcast clouds
668,Vyazma,RU,55.2104,34.2951,25.74,86,100,4.41,light snow
669,Yekaterinovka,RU,52.0508,44.3451,30.45,97,100,9.95,light snow
670,Zapolyarnyy,RU,69.4154,30.8136,16.88,82,69,4.18,broken clouds
671,Messina,IT,38.1933,15.5497,69.6,75,75,8.05,broken clouds
672,Camana,PE,-16.6228,-72.7111,64.27,83,77,8.52,broken clouds
673,Mizan Teferi,ET,6.9833,35.5833,77.13,50,8,1.86,light rain
674,Basoko,CD,1.2391,23.616,69.42,97,100,2.64,moderate rain
675,Mopipi,BW,-21.1833,24.8833,90.97,19,0,11.54,clear sky
